{"cameraMode":{"drawMode":0,"name":"Shaded","section":"Shading Mode"},"sceneLighting":true,"audioPlay":false,"sceneViewState":{"showFog":false,"showMaterialUpdate":false,"showSkybox":false,"showFlares":false,"showImageEffects":false,"showParticleSystems":false},"in2DMode":false,"pivot":{"x":0.04750882834196091,"y":0.20578095316886903,"z":0.002625729888677597},"rotation":{"x":-0.01649644784629345,"y":-0.9827061891555786,"z":0.14883290231227876,"w":-0.10892750322818756},"size":0.4800631105899811,"orthographic":false}